{
	"powers":[
		"toomanyorigins:dragon_breath",
		"toomanyorigins:light_up",
		"drac:upgrade2/elytra",
		"drac:upgrade2/more_health",
		"drac:upgrade2/endless",
		"drac:upgrade2/scales",
		"drac:upgrade2/bigman2",
		"drac:upgrade1/bite",
		"drac:slow_fall",
		"drac:chomp",
		"drac:upgrade2/slow",
		"drac:carnivore",
		"drac:upgrade2/particles",
		"origins:no_shield",
		"drac:water_vulnerability",
		"drac:credits",
		"origins:fire_immunity"
	],
	"icon": "minecraft:ancient_debris",
	"order": 10,
	"impact": 3,
	"name": "Elder Dragon",
	"description": "You are at your final stage. You are larger, and much more powerful.",
    "unchoosable": true
}
