{
	"powers": [
		"drac:upgrade1/bigman",
		"drac:upgrade1/fire_charge",
		"drac:upgrade1/fire_shoot_sounds2",
		"drac:upgrade1/flap",
		"drac:upgrade1/scales",
		"drac:upgrade1/bite",
		"drac:energy",
		"drac:particles",
		"drac:slow_fall",
		"drac:chomp",
		"drac:carnivore",
		"origins:no_shield",
		"drac:water_vulnerability",
		"drac:upgrade1/evolution",
		"drac:credits"
	],
	"icon": "minecraft:redstone",
	"order": 10,
	"impact": 3,
	"name": "Growing Dragon",
	"description": "You are starting to grow. You are bigger now and have lost your high agility but are becoming more strong and powerful.",
	"unchoosable": true,
	 "upgrades": {
        "condition": "minecraft:end/kill_dragon",
        "origin": "drac:elder",
        "announcement": "You have evolved. Who's the alpha dragon now?"
    }
}
