{
	"powers": [
		"drac:energy",
		"drac:flap",
		"drac:particles",
		"drac:fireshot",
		"drac:speed",
		"drac:slow_fall",
		"drac:fire_shoot_sounds",
		"drac:bite",
		"drac:chomp",
		"drac:smolman",
		"drac:fragile_frame",
		"drac:carnivore",
		"origins:no_shield",
		"drac:water_vulnerability",
		"drac:evolution",
		"drac:credits"
	],
	"icon": "minecraft:turtle_egg",
	"order": 10,
	"impact": 3,
	"name": "Young Dragon",
	"description": "You begin as a young dragon. At this stage in your life span you are at your most energetic and agile stage. You are fast, curious and mischievous.",
	"unchoosable": true,
	"upgrades": {
        "condition": "minecraft:nether/obtain_blaze_rod",
        "origin": "drac:growing",
        "announcement": "You are now beginning to grow."
    }
}
