{
  "type": "origins:active_self",
   "entity_action": {
   "type": "origins:chance",
   "action":
    {    
	"type": "origins:execute_command",
	"command": "playsound minecraft:entity.ender_dragon.growl player @a[distance=0..10] ~ ~ ~ 1 1 1",
    "permission_level": 4
    },
    "chance": 1
    },
	"hidden": true,
    "key": {
      "key": "key.origins.secondary_active",
      "continuous": false
    },
	"condition": {
    "type": "origins:sneaking",
	"inverted": true
	},
	"cooldown": 500,
    "hud_render": {
      "should_render": false
   }
}