{
  "type": "origins:active_self",
   "entity_action": {
   "type": "origins:chance",
   "action":
    {    
	"type": "origins:execute_command",
	"command": "playsound minecraft:entity.zoglin.attack player @a[distance=0..10] ~ ~ ~ 1 1 0",
    "permission_level": 4
    },
    "chance": 0.5
    },
	"hidden": true,
    "key": {
      "key": "key.attack",
      "continuous": false
    },
	"cooldown": 10,
    "hud_render": {
      "should_render": false
   },
   "condition": {
		"type": "origins:and",
		"conditions": [{
			"type": "origins:equipped_item",
			"equipment_slot": "mainhand",
			"item_condition": {
				"type": "origins:ingredient",
				"ingredient": {
					"item": "minecraft:air"
				}
			}
		}]
	}
}